setting,key,desc,image_rel,image_path,tid,intent_qtype,intent_mode,used_intent,pred_intent,gold_intent,intent_correct,answer,reference_labels,label,BLEU4,TokenF1
E1__t2rgbP__rgb0__tpl0__imode_gold,E1,proj_x_noTpl,images_rgb/image_437_rgb.jpg,data/ssvtp\images_rgb/image_437_rgb.jpg,437,property,gold,gold,,,0,"The surface feels lined, fabric, providing a consistent and stable tactile experience.",,"smooth, glossy, patterned",0.04789232204309912,0.0
E1__t2rgbP__rgb0__tpl0__imode_gold,E1,proj_x_noTpl,images_rgb/image_437_rgb.jpg,data/ssvtp\images_rgb/image_437_rgb.jpg,437,comparison,gold,gold,,,0,"The surface feels soft, lined, fabric. It closely matches with fabric, lined, indicating a tactile similarity.",,"smooth, glossy, patterned",0.034585921141027376,0.0
E1__t2rgbP__rgb0__tpl0__imode_gold,E1,proj_x_noTpl,images_rgb/image_437_rgb.jpg,data/ssvtp\images_rgb/image_437_rgb.jpg,437,judgement,gold,gold,,,0,"The sample feels lined, fabric. These cues may indicate a fabric-like material.",,"smooth, glossy, patterned",0.04368583925857939,0.0
E1__t2rgbP__rgb0__tpl0__imode_gold,E1,proj_x_noTpl,images_rgb/image_4210_rgb.jpg,data/ssvtp\images_rgb/image_4210_rgb.jpg,4210,property,gold,gold,,,0,"The surface feels smooth, fabric, providing a consistent and stable tactile experience.",,"flat, lined, hard",0.04789232204309912,0.0
E1__t2rgbP__rgb0__tpl0__imode_gold,E1,proj_x_noTpl,images_rgb/image_4210_rgb.jpg,data/ssvtp\images_rgb/image_4210_rgb.jpg,4210,comparison,gold,gold,,,0,"The surface feels shiny, woven. It is similar to the glossy, woven reference tactile sample.",,"flat, lined, hard",0.03716499092256817,0.0
E1__t2rgbP__rgb0__tpl0__imode_gold,E1,proj_x_noTpl,images_rgb/image_4210_rgb.jpg,data/ssvtp\images_rgb/image_4210_rgb.jpg,4210,judgement,gold,gold,,,0,"The sample feels smooth, fabric. These cues may indicate a fabric-like material.",,"flat, lined, hard",0.04368583925857939,0.0
E1__t2rgbP__rgb0__tpl0__imode_gold,E1,proj_x_noTpl,images_rgb/image_3312_rgb.jpg,data/ssvtp\images_rgb/image_3312_rgb.jpg,3312,property,gold,gold,,,0,"The surface feels lined, fabric, providing a consistent and stable tactile experience.",,"fabric, coarse, deformable",0.05695389012765513,0.13333333333333333
E1__t2rgbP__rgb0__tpl0__imode_gold,E1,proj_x_noTpl,images_rgb/image_3312_rgb.jpg,data/ssvtp\images_rgb/image_3312_rgb.jpg,3312,comparison,gold,gold,,,0,"The surface feels lined, grainy, fabric. It closely matches with fabric, grainy, indicating a similar tactile experience.",,"fabric, coarse, deformable",0.038461875130248735,0.1111111111111111
E1__t2rgbP__rgb0__tpl0__imode_gold,E1,proj_x_noTpl,images_rgb/image_3312_rgb.jpg,data/ssvtp\images_rgb/image_3312_rgb.jpg,3312,judgement,gold,gold,,,0,"The sample feels lined, grainy, fabric. These cues may indicate a fabric-like material.",,"fabric, coarse, deformable",0.04776020403411885,0.125
E1__t2rgbP__rgb0__tpl0__imode_gold,E1,proj_x_noTpl,images_rgb/image_3131_rgb.jpg,data/ssvtp\images_rgb/image_3131_rgb.jpg,3131,property,gold,gold,,,0,"The surface feels fabric, grainy, providing a consistent and stable tactile experience.",,"sewn, coarse, fabric, deformable",0.05695389012765513,0.125
E1__t2rgbP__rgb0__tpl0__imode_gold,E1,proj_x_noTpl,images_rgb/image_3131_rgb.jpg,data/ssvtp\images_rgb/image_3131_rgb.jpg,3131,comparison,gold,gold,,,0,"The surface feels soft, fabric. It closely matches with the reference tactile labels fabric, lined, indicating a consistent tactile experience.",,"sewn, coarse, fabric, deformable",0.03219965714728962,0.09523809523809523
E1__t2rgbP__rgb0__tpl0__imode_gold,E1,proj_x_noTpl,images_rgb/image_3131_rgb.jpg,data/ssvtp\images_rgb/image_3131_rgb.jpg,3131,judgement,gold,gold,,,0,"The sample feels grainy, fabric. These cues may indicate a fabric-like material.",,"sewn, coarse, fabric, deformable",0.05195151087116781,0.125
E1__t2rgbP__rgb0__tpl0__imode_gold,E1,proj_x_noTpl,images_rgb/image_3881_rgb.jpg,data/ssvtp\images_rgb/image_3881_rgb.jpg,3881,property,gold,gold,,,0,"The surface feels round, woven, providing a consistent and stable tactile experience.",,"flimsy, glossy, sewn",0.04789232204309912,0.0
E1__t2rgbP__rgb0__tpl0__imode_gold,E1,proj_x_noTpl,images_rgb/image_3881_rgb.jpg,data/ssvtp\images_rgb/image_3881_rgb.jpg,3881,comparison,gold,gold,,,0,"The surface feels smooth, fabric. It resembles fabric, smooth, more than hard, flat, lined, based on the reference tactile labels.",,"flimsy, glossy, sewn",0.027076576267554473,0.0
E1__t2rgbP__rgb0__tpl0__imode_gold,E1,proj_x_noTpl,images_rgb/image_3881_rgb.jpg,data/ssvtp\images_rgb/image_3881_rgb.jpg,3881,judgement,gold,gold,,,0,"The sample feels smooth, fabric. These cues may indicate a fabric-like material.",,"flimsy, glossy, sewn",0.04368583925857939,0.0
E1__t2rgbP__rgb0__tpl0__imode_gold,E1,proj_x_noTpl,images_rgb/image_2275_rgb.jpg,data/ssvtp\images_rgb/image_2275_rgb.jpg,2275,property,gold,gold,,,0,"The surface feels soft, lined, fabric, providing a consistent and stable tactile experience.",,"lined, deformable, soft, woven",0.06178110636313397,0.23529411764705882
E1__t2rgbP__rgb0__tpl0__imode_gold,E1,proj_x_noTpl,images_rgb/image_2275_rgb.jpg,data/ssvtp\images_rgb/image_2275_rgb.jpg,2275,comparison,gold,gold,,,0,"The surface feels soft, lined, fabric. It closely matches the fabric, lined, woven reference tactile cues.",,"lined, deformable, soft, woven",0.054129891865452646,0.3529411764705882
E1__t2rgbP__rgb0__tpl0__imode_gold,E1,proj_x_noTpl,images_rgb/image_2275_rgb.jpg,data/ssvtp\images_rgb/image_2275_rgb.jpg,2275,judgement,gold,gold,,,0,"The sample feels lined, fabric. These cues may indicate a fabric-like material.",,"lined, deformable, soft, woven",0.05195151087116781,0.125
E1__t2rgbP__rgb0__tpl0__imode_gold,E1,proj_x_noTpl,images_rgb/image_1398_rgb.jpg,data/ssvtp\images_rgb/image_1398_rgb.jpg,1398,property,gold,gold,,,0,"The surface feels soft, lined, fabric, providing a consistent and stable tactile experience.",,"soft, lined, fabric",0.11498759556447223,0.375
E1__t2rgbP__rgb0__tpl0__imode_gold,E1,proj_x_noTpl,images_rgb/image_1398_rgb.jpg,data/ssvtp\images_rgb/image_1398_rgb.jpg,1398,comparison,gold,gold,,,0,"The surface feels soft, lined, fabric. It best matches with the reference tactile sample.",,"soft, lined, fabric",0.10571070857151538,0.375
E1__t2rgbP__rgb0__tpl0__imode_gold,E1,proj_x_noTpl,images_rgb/image_1398_rgb.jpg,data/ssvtp\images_rgb/image_1398_rgb.jpg,1398,judgement,gold,gold,,,0,"The sample feels lined, fabric. These cues may indicate a fabric-like material.",,"soft, lined, fabric",0.0734705312597788,0.26666666666666666
E1__t2rgbP__rgb0__tpl0__imode_gold,E1,proj_x_noTpl,images_rgb/image_1871_rgb.jpg,data/ssvtp\images_rgb/image_1871_rgb.jpg,1871,property,gold,gold,,,0,"The surface feels soft, fabric, providing a consistent and stable tactile experience.",,"lined, grainy, fabric",0.05695389012765513,0.13333333333333333
E1__t2rgbP__rgb0__tpl0__imode_gold,E1,proj_x_noTpl,images_rgb/image_1871_rgb.jpg,data/ssvtp\images_rgb/image_1871_rgb.jpg,1871,comparison,gold,gold,,,0,"The surface feels soft, fabric, lined. It best matches with fabric, lined, sewn from the reference tactile labels.",,"lined, grainy, fabric",0.0429538241783181,0.2222222222222222
E1__t2rgbP__rgb0__tpl0__imode_gold,E1,proj_x_noTpl,images_rgb/image_1871_rgb.jpg,data/ssvtp\images_rgb/image_1871_rgb.jpg,1871,judgement,gold,gold,,,0,"The sample feels fabric, smooth. These cues may indicate a fabric-like material.",,"lined, grainy, fabric",0.05195151087116781,0.13333333333333333
E1__t2rgbP__rgb0__tpl0__imode_gold,E1,proj_x_noTpl,images_rgb/image_2751_rgb.jpg,data/ssvtp\images_rgb/image_2751_rgb.jpg,2751,property,gold,gold,,,0,"The surface feels soft, lined, fabric, providing a consistent and stable tactile experience.",,"sewn, soft, fabric",0.06178110636313397,0.25
E1__t2rgbP__rgb0__tpl0__imode_gold,E1,proj_x_noTpl,images_rgb/image_2751_rgb.jpg,data/ssvtp\images_rgb/image_2751_rgb.jpg,2751,comparison,gold,gold,,,0,"The surface feels soft, fabric. It closely matches with the reference tactile cues: fabric, soft.",,"sewn, soft, fabric",0.06250381527944884,0.26666666666666666
E1__t2rgbP__rgb0__tpl0__imode_gold,E1,proj_x_noTpl,images_rgb/image_2751_rgb.jpg,data/ssvtp\images_rgb/image_2751_rgb.jpg,2751,judgement,gold,gold,,,0,"The sample feels soft, lined, fabric. These cues may indicate a fabric-like material.",,"sewn, soft, fabric",0.0567967744513558,0.25
E1__t2rgbP__rgb0__tpl0__imode_gold,E1,proj_x_noTpl,images_rgb/image_2875_rgb.jpg,data/ssvtp\images_rgb/image_2875_rgb.jpg,2875,property,gold,gold,,,0,"The surface feels soft, lined, fabric, providing a consistent and stable tactile experience.",,"fabric, soft, deformable",0.06178110636313397,0.25
E1__t2rgbP__rgb0__tpl0__imode_gold,E1,proj_x_noTpl,images_rgb/image_2875_rgb.jpg,data/ssvtp\images_rgb/image_2875_rgb.jpg,2875,comparison,gold,gold,,,0,"The surface feels soft, fabric. It best matches with the reference tactile labels: fabric, soft, indicating a similar tactile experience.",,"fabric, soft, deformable",0.04553719184146074,0.21052631578947367
E1__t2rgbP__rgb0__tpl0__imode_gold,E1,proj_x_noTpl,images_rgb/image_2875_rgb.jpg,data/ssvtp\images_rgb/image_2875_rgb.jpg,2875,judgement,gold,gold,,,0,"The sample feels fabric, lined. These cues may indicate a fabric-like material.",,"fabric, soft, deformable",0.05195151087116781,0.13333333333333333
E1__t2rgbP__rgb0__tpl0__imode_gold,E1,proj_x_noTpl,images_rgb/image_960_rgb.jpg,data/ssvtp\images_rgb/image_960_rgb.jpg,960,property,gold,gold,,,0,"The surface feels lined, fabric, providing a consistent and stable tactile experience.",,"soft, lined, fabric",0.08054496384843701,0.26666666666666666
E1__t2rgbP__rgb0__tpl0__imode_gold,E1,proj_x_noTpl,images_rgb/image_960_rgb.jpg,data/ssvtp\images_rgb/image_960_rgb.jpg,960,comparison,gold,gold,,,0,"The surface feels lined, fabric, smooth. It closely matches the fabric, lined, smooth reference.",,"soft, lined, fabric",0.06754312828675708,0.30769230769230765
E1__t2rgbP__rgb0__tpl0__imode_gold,E1,proj_x_noTpl,images_rgb/image_960_rgb.jpg,data/ssvtp\images_rgb/image_960_rgb.jpg,960,judgement,gold,gold,,,0,"The sample feels soft, lined, fabric. These cues may indicate a fabric-like material.",,"soft, lined, fabric",0.10571070857151538,0.375
E1__t2rgbP__rgb0__tpl0__imode_gold,E1,proj_x_noTpl,images_rgb/image_2427_rgb.jpg,data/ssvtp\images_rgb/image_2427_rgb.jpg,2427,property,gold,gold,,,0,"The surface feels glossy, smooth, indicating a consistent and stable material.",,"smooth, plastic, deformable",0.06302984046087456,0.14285714285714288
E1__t2rgbP__rgb0__tpl0__imode_gold,E1,proj_x_noTpl,images_rgb/image_2427_rgb.jpg,data/ssvtp\images_rgb/image_2427_rgb.jpg,2427,comparison,gold,gold,,,0,"The surface feels glossy, smooth, fabric. It resembles the reference tactile sample ""fabric, smooth,"" indicating a consistent tactile experience.",,"smooth, plastic, deformable",0.03404699216018259,0.1111111111111111
E1__t2rgbP__rgb0__tpl0__imode_gold,E1,proj_x_noTpl,images_rgb/image_2427_rgb.jpg,data/ssvtp\images_rgb/image_2427_rgb.jpg,2427,judgement,gold,gold,,,0,"The sample feels glossy, plastic. These cues may indicate a plastic-like material.",,"smooth, plastic, deformable",0.05195151087116781,0.13333333333333333
E1__t2rgbP__rgb0__tpl0__imode_gold,E1,proj_x_noTpl,images_rgb/image_1793_rgb.jpg,data/ssvtp\images_rgb/image_1793_rgb.jpg,1793,property,gold,gold,,,0,"The surface feels hard, splotchy, glossy, providing a consistent and stable tactile experience.",,"hard, smooth, flat, splotchy",0.06178110636313397,0.23529411764705882
E1__t2rgbP__rgb0__tpl0__imode_gold,E1,proj_x_noTpl,images_rgb/image_1793_rgb.jpg,data/ssvtp\images_rgb/image_1793_rgb.jpg,1793,comparison,gold,gold,,,0,"The surface feels hard, flat, splotchy, smooth. It closely matches the reference tactile labels: splotchy, smooth, hard.",,"hard, smooth, flat, splotchy",0.06468490584192432,0.47058823529411764
E1__t2rgbP__rgb0__tpl0__imode_gold,E1,proj_x_noTpl,images_rgb/image_1793_rgb.jpg,data/ssvtp\images_rgb/image_1793_rgb.jpg,1793,judgement,gold,gold,,,0,"The sample feels hard, splotchy, glossy. These cues may indicate a metal-like material.",,"hard, smooth, flat, splotchy",0.0567967744513558,0.22222222222222224
E1__t2rgbP__rgb0__tpl0__imode_gold,E1,proj_x_noTpl,images_rgb/image_185_rgb.jpg,data/ssvtp\images_rgb/image_185_rgb.jpg,185,property,gold,gold,,,0,"The surface feels soft, lined, fabric, providing a consistent and stable tactile experience.",,"mesh, plastic, deformable, hard",0.04368583925857939,0.0
E1__t2rgbP__rgb0__tpl0__imode_gold,E1,proj_x_noTpl,images_rgb/image_185_rgb.jpg,data/ssvtp\images_rgb/image_185_rgb.jpg,185,comparison,gold,gold,,,0,"The surface feels soft, fabric. It closely matches the reference tactile cues.",,"mesh, plastic, deformable, hard",0.04789232204309912,0.0
E1__t2rgbP__rgb0__tpl0__imode_gold,E1,proj_x_noTpl,images_rgb/image_185_rgb.jpg,data/ssvtp\images_rgb/image_185_rgb.jpg,185,judgement,gold,gold,,,0,"The sample feels soft, lined, fabric. These cues may indicate a fabric-like material.",,"mesh, plastic, deformable, hard",0.040161384364076534,0.0
E1__t2rgbP__rgb0__tpl0__imode_gold,E1,proj_x_noTpl,images_rgb/image_2096_rgb.jpg,data/ssvtp\images_rgb/image_2096_rgb.jpg,2096,property,gold,gold,,,0,"The surface feels lettered, woven, soft, patterned, providing a consistent and stable tactile experience.",,"deformable, grainy, woven",0.04776020403411885,0.11764705882352941
E1__t2rgbP__rgb0__tpl0__imode_gold,E1,proj_x_noTpl,images_rgb/image_2096_rgb.jpg,data/ssvtp\images_rgb/image_2096_rgb.jpg,2096,comparison,gold,gold,,,0,"The surface feels soft, lined, fabric. It best matches with fabric, soft, indicating a tactile similarity.",,"deformable, grainy, woven",0.034585921141027376,0.0
E1__t2rgbP__rgb0__tpl0__imode_gold,E1,proj_x_noTpl,images_rgb/image_2096_rgb.jpg,data/ssvtp\images_rgb/image_2096_rgb.jpg,2096,judgement,gold,gold,,,0,"The sample feels soft, fabric. These cues may indicate a fabric-like material.",,"deformable, grainy, woven",0.04368583925857939,0.0
E1__t2rgbP__rgb0__tpl0__imode_gold,E1,proj_x_noTpl,images_rgb/image_464_rgb.jpg,data/ssvtp\images_rgb/image_464_rgb.jpg,464,property,gold,gold,,,0,"The surface feels lined, fuzzy, providing a consistent and stable tactile experience.",,"hard, splotchy, smooth, flat",0.04789232204309912,0.0
E1__t2rgbP__rgb0__tpl0__imode_gold,E1,proj_x_noTpl,images_rgb/image_464_rgb.jpg,data/ssvtp\images_rgb/image_464_rgb.jpg,464,comparison,gold,gold,,,0,"The surface feels fabric, lined. It closely matches with soft, lined, fabric.",,"hard, splotchy, smooth, flat",0.04789232204309912,0.0
E1__t2rgbP__rgb0__tpl0__imode_gold,E1,proj_x_noTpl,images_rgb/image_464_rgb.jpg,data/ssvtp\images_rgb/image_464_rgb.jpg,464,judgement,gold,gold,,,0,"The sample feels lined, fabric. These cues may indicate a fabric-like material.",,"hard, splotchy, smooth, flat",0.04368583925857939,0.0
E1__t2rgbP__rgb0__tpl0__imode_gold,E1,proj_x_noTpl,images_rgb/image_4490_rgb.jpg,data/ssvtp\images_rgb/image_4490_rgb.jpg,4490,property,gold,gold,,,0,"The surface feels uneven, stiff, providing a consistent and stable tactile experience.",,"uneven, patterned, thick",0.05695389012765513,0.13333333333333333
E1__t2rgbP__rgb0__tpl0__imode_gold,E1,proj_x_noTpl,images_rgb/image_4490_rgb.jpg,data/ssvtp\images_rgb/image_4490_rgb.jpg,4490,comparison,gold,gold,,,0,"The surface feels shiny, woven. It closely matches the reference tactile labels glossy, woven, indicating a similar tactile experience.",,"uneven, patterned, thick",0.028629993657668874,0.0
E1__t2rgbP__rgb0__tpl0__imode_gold,E1,proj_x_noTpl,images_rgb/image_4490_rgb.jpg,data/ssvtp\images_rgb/image_4490_rgb.jpg,4490,judgement,gold,gold,,,0,"The sample feels shiny, woven. These cues may indicate a metal-like material.",,"uneven, patterned, thick",0.04368583925857939,0.0
E1__t2rgbP__rgb0__tpl0__imode_gold,E1,proj_x_noTpl,images_rgb/image_2997_rgb.jpg,data/ssvtp\images_rgb/image_2997_rgb.jpg,2997,property,gold,gold,,,0,"The surface feels fabric, smooth, providing a consistent and stable tactile experience.",,"deformable, grainy, fabric",0.05695389012765513,0.13333333333333333
E1__t2rgbP__rgb0__tpl0__imode_gold,E1,proj_x_noTpl,images_rgb/image_2997_rgb.jpg,data/ssvtp\images_rgb/image_2997_rgb.jpg,2997,comparison,gold,gold,,,0,"The surface is fabric, smooth. It resembles closest to the reference tactile labels.",,"deformable, grainy, fabric",0.05195151087116781,0.13333333333333333
E1__t2rgbP__rgb0__tpl0__imode_gold,E1,proj_x_noTpl,images_rgb/image_2997_rgb.jpg,data/ssvtp\images_rgb/image_2997_rgb.jpg,2997,judgement,gold,gold,,,0,"The sample feels soft, fabric. These cues may indicate a fabric-like material.",,"deformable, grainy, fabric",0.05195151087116781,0.13333333333333333
E1__t2rgbP__rgb0__tpl0__imode_gold,E1,proj_x_noTpl,images_rgb/image_4330_rgb.jpg,data/ssvtp\images_rgb/image_4330_rgb.jpg,4330,property,gold,gold,,,0,"The surface feels glossy, woven, providing a consistent and stable tactile experience.",,"hard, lined, smooth",0.04789232204309912,0.0
E1__t2rgbP__rgb0__tpl0__imode_gold,E1,proj_x_noTpl,images_rgb/image_4330_rgb.jpg,data/ssvtp\images_rgb/image_4330_rgb.jpg,4330,comparison,gold,gold,,,0,"The surface feels lined, deformable, fabric. It closely matches with the reference tactile cues soft, fabric, patterned.",,"hard, lined, smooth",0.038461875130248735,0.1111111111111111
E1__t2rgbP__rgb0__tpl0__imode_gold,E1,proj_x_noTpl,images_rgb/image_4330_rgb.jpg,data/ssvtp\images_rgb/image_4330_rgb.jpg,4330,judgement,gold,gold,,,0,"The sample feels lined, fabric. These cues may indicate a fabric-like material.",,"hard, lined, smooth",0.05195151087116781,0.13333333333333333
E1__t2rgbP__rgb0__tpl0__imode_gold,E1,proj_x_noTpl,images_rgb/image_473_rgb.jpg,data/ssvtp\images_rgb/image_473_rgb.jpg,473,property,gold,gold,,,0,"The surface feels soft, lined, fabric, providing a consistent and stable tactile experience.",,"uneven, patterned, sewn, fabric",0.05195151087116781,0.11764705882352941
E1__t2rgbP__rgb0__tpl0__imode_gold,E1,proj_x_noTpl,images_rgb/image_473_rgb.jpg,data/ssvtp\images_rgb/image_473_rgb.jpg,473,comparison,gold,gold,,,0,"The surface feels soft, lined, fabric. It best matches with fabric, fuzzy, soft from the reference tactile labels.",,"uneven, patterned, sewn, fabric",0.03611971677298602,0.10526315789473685
E1__t2rgbP__rgb0__tpl0__imode_gold,E1,proj_x_noTpl,images_rgb/image_473_rgb.jpg,data/ssvtp\images_rgb/image_473_rgb.jpg,473,judgement,gold,gold,,,0,"The surface feels soft, lined, fabric. These cues may indicate a fabric-like material.",,"uneven, patterned, sewn, fabric",0.04776020403411885,0.11764705882352941
E1__t2rgbP__rgb0__tpl0__imode_gold,E1,proj_x_noTpl,images_rgb/image_3177_rgb.jpg,data/ssvtp\images_rgb/image_3177_rgb.jpg,3177,property,gold,gold,,,0,"The surface feels soft, fabric, providing a consistent and stable tactile experience.",,"elastic, lined, deformable, wrinkly",0.04789232204309912,0.0
E1__t2rgbP__rgb0__tpl0__imode_gold,E1,proj_x_noTpl,images_rgb/image_3177_rgb.jpg,data/ssvtp\images_rgb/image_3177_rgb.jpg,3177,comparison,gold,gold,,,0,"The surface feels soft, lined, fabric. It closely matches with the reference tactile labels fabric, lined, indicating a similar tactile feeling.",,"elastic, lined, deformable, wrinkly",0.030542786342810865,0.09523809523809523
E1__t2rgbP__rgb0__tpl0__imode_gold,E1,proj_x_noTpl,images_rgb/image_3177_rgb.jpg,data/ssvtp\images_rgb/image_3177_rgb.jpg,3177,judgement,gold,gold,,,0,"The sample feels soft, fabric. These cues may indicate a fabric-like material.",,"elastic, lined, deformable, wrinkly",0.04368583925857939,0.0
E1__t2rgbP__rgb0__tpl0__imode_gold,E1,proj_x_noTpl,images_rgb/image_2262_rgb.jpg,data/ssvtp\images_rgb/image_2262_rgb.jpg,2262,property,gold,gold,,,0,"The surface feels lined, fabric, providing a consistent and stable tactile experience.",,"lined, fabric, sewn",0.08054496384843701,0.26666666666666666
E1__t2rgbP__rgb0__tpl0__imode_gold,E1,proj_x_noTpl,images_rgb/image_2262_rgb.jpg,data/ssvtp\images_rgb/image_2262_rgb.jpg,2262,comparison,gold,gold,,,0,"The surface is soft, lined, fabric. It resembles fabric, lined, sewn, indicating a consistent and stable tactile experience.",,"lined, fabric, sewn",0.05653041175801489,0.3157894736842105
E1__t2rgbP__rgb0__tpl0__imode_gold,E1,proj_x_noTpl,images_rgb/image_2262_rgb.jpg,data/ssvtp\images_rgb/image_2262_rgb.jpg,2262,judgement,gold,gold,,,0,"The sample feels soft, lined, fabric. These cues may indicate a fabric-like material.",,"lined, fabric, sewn",0.06754312828675708,0.25
E1__t2rgbP__rgb0__tpl0__imode_gold,E1,proj_x_noTpl,images_rgb/image_2187_rgb.jpg,data/ssvtp\images_rgb/image_2187_rgb.jpg,2187,property,gold,gold,,,0,"The surface feels soft, lined, fabric, providing a consistent and stable tactile experience.",,"lined, deformable, soft, woven",0.06178110636313397,0.23529411764705882
E1__t2rgbP__rgb0__tpl0__imode_gold,E1,proj_x_noTpl,images_rgb/image_2187_rgb.jpg,data/ssvtp\images_rgb/image_2187_rgb.jpg,2187,comparison,gold,gold,,,0,"The surface feels fabric, striped. It resembles soft, lined, fabric, patterned, woven, indicating a fabric-like material.",,"lined, deformable, soft, woven",0.05061867434834411,0.31578947368421056
E1__t2rgbP__rgb0__tpl0__imode_gold,E1,proj_x_noTpl,images_rgb/image_2187_rgb.jpg,data/ssvtp\images_rgb/image_2187_rgb.jpg,2187,judgement,gold,gold,,,0,"The sample feels lined, fabric, woven. These cues may indicate a fabric-like material.",,"lined, deformable, soft, woven",0.0567967744513558,0.23529411764705882
E1__t2rgbP__rgb0__tpl0__imode_gold,E1,proj_x_noTpl,images_rgb/image_2480_rgb.jpg,data/ssvtp\images_rgb/image_2480_rgb.jpg,2480,property,gold,gold,,,0,"The surface feels soft, fabric, providing a consistent and stable tactile experience.",,"mesh, deformable, flimsy",0.04789232204309912,0.0
E1__t2rgbP__rgb0__tpl0__imode_gold,E1,proj_x_noTpl,images_rgb/image_2480_rgb.jpg,data/ssvtp\images_rgb/image_2480_rgb.jpg,2480,comparison,gold,gold,,,0,"The surface feels soft, fabric. It resembles fabric, smooth, indicating a consistent and stable texture.",,"mesh, deformable, flimsy",0.03716499092256817,0.0
E1__t2rgbP__rgb0__tpl0__imode_gold,E1,proj_x_noTpl,images_rgb/image_2480_rgb.jpg,data/ssvtp\images_rgb/image_2480_rgb.jpg,2480,judgement,gold,gold,,,0,"The sample feels flat, hard, splotchy. These cues may indicate a stone-like material.",,"mesh, deformable, flimsy",0.040161384364076534,0.0
E1__t2rgbP__rgb0__tpl0__imode_gold,E1,proj_x_noTpl,images_rgb/image_691_rgb.jpg,data/ssvtp\images_rgb/image_691_rgb.jpg,691,property,gold,gold,,,0,"The surface feels soft, fabric, providing a consistent and stable tactile experience.",,"elastic, sewn, wrinkly",0.04789232204309912,0.0
E1__t2rgbP__rgb0__tpl0__imode_gold,E1,proj_x_noTpl,images_rgb/image_691_rgb.jpg,data/ssvtp\images_rgb/image_691_rgb.jpg,691,comparison,gold,gold,,,0,"The surface feels fabric, elastic. It resembles these tactile cues: soft, fabric.",,"elastic, sewn, wrinkly",0.05695389012765513,0.14285714285714288
E1__t2rgbP__rgb0__tpl0__imode_gold,E1,proj_x_noTpl,images_rgb/image_691_rgb.jpg,data/ssvtp\images_rgb/image_691_rgb.jpg,691,judgement,gold,gold,,,0,"The sample feels elastic, sewn, lined. These cues may indicate a rubber-like material.",,"elastic, sewn, wrinkly",0.06754312828675708,0.23529411764705882
E1__t2rgbP__rgb0__tpl0__imode_gold,E1,proj_x_noTpl,images_rgb/image_906_rgb.jpg,data/ssvtp\images_rgb/image_906_rgb.jpg,906,property,gold,gold,,,0,"The surface feels soft, lined, fabric, providing a consistent and stable tactile experience.",,"lined, grainy, fabric, deformable",0.06178110636313397,0.23529411764705882
E1__t2rgbP__rgb0__tpl0__imode_gold,E1,proj_x_noTpl,images_rgb/image_906_rgb.jpg,data/ssvtp\images_rgb/image_906_rgb.jpg,906,comparison,gold,gold,,,0,"The surface feels soft, fabric. It closely matches with fabric, soft, lined, indicating a consistent tactile experience.",,"lined, grainy, fabric, deformable",0.04573913556123801,0.2105263157894737
E1__t2rgbP__rgb0__tpl0__imode_gold,E1,proj_x_noTpl,images_rgb/image_906_rgb.jpg,data/ssvtp\images_rgb/image_906_rgb.jpg,906,judgement,gold,gold,,,0,"The sample feels soft, fabric. These cues may indicate a fabric-like material.",,"lined, grainy, fabric, deformable",0.05195151087116781,0.125
E1__t2rgbP__rgb0__tpl0__imode_gold,E1,proj_x_noTpl,images_rgb/image_2764_rgb.jpg,data/ssvtp\images_rgb/image_2764_rgb.jpg,2764,property,gold,gold,,,0,"The surface feels soft, lined, fabric, providing a consistent and stable tactile experience.",,"fabric, soft, sewn",0.06178110636313397,0.25
E1__t2rgbP__rgb0__tpl0__imode_gold,E1,proj_x_noTpl,images_rgb/image_2764_rgb.jpg,data/ssvtp\images_rgb/image_2764_rgb.jpg,2764,comparison,gold,gold,,,0,"The surface is soft, lined, fabric. It resembles Fabric, Smooth, indicating a consistent and stable texture.",,"fabric, soft, sewn",0.04891187874480726,0.2222222222222222
E1__t2rgbP__rgb0__tpl0__imode_gold,E1,proj_x_noTpl,images_rgb/image_2764_rgb.jpg,data/ssvtp\images_rgb/image_2764_rgb.jpg,2764,judgement,gold,gold,,,0,"The sample feels soft, lined, fabric. These cues may indicate a fabric-like material.",,"fabric, soft, sewn",0.0567967744513558,0.25
E1__t2rgbP__rgb0__tpl0__imode_gold,E1,proj_x_noTpl,images_rgb/image_1391_rgb.jpg,data/ssvtp\images_rgb/image_1391_rgb.jpg,1391,property,gold,gold,,,0,"The surface feels lined, fabric, smooth, providing a consistent and stable tactile experience.",,"soft, deformable, fabric",0.05195151087116781,0.125
E1__t2rgbP__rgb0__tpl0__imode_gold,E1,proj_x_noTpl,images_rgb/image_1391_rgb.jpg,data/ssvtp\images_rgb/image_1391_rgb.jpg,1391,comparison,gold,gold,,,0,"The surface feels soft, fabric. It closely matches the reference tactile labels.",,"soft, deformable, fabric",0.06772997136689071,0.28571428571428575
E1__t2rgbP__rgb0__tpl0__imode_gold,E1,proj_x_noTpl,images_rgb/image_1391_rgb.jpg,data/ssvtp\images_rgb/image_1391_rgb.jpg,1391,judgement,gold,gold,,,0,"The sample feels soft, lined, fabric. These cues may indicate a fabric-like material.",,"soft, deformable, fabric",0.0567967744513558,0.25
E1__t2rgbP__rgb0__tpl0__imode_gold,E1,proj_x_noTpl,images_rgb/image_700_rgb.jpg,data/ssvtp\images_rgb/image_700_rgb.jpg,700,property,gold,gold,,,0,"The surface feels plastic, glossy, providing a consistent and stable tactile experience.",,"flat, hard, uneven",0.04789232204309912,0.0
E1__t2rgbP__rgb0__tpl0__imode_gold,E1,proj_x_noTpl,images_rgb/image_700_rgb.jpg,data/ssvtp\images_rgb/image_700_rgb.jpg,700,comparison,gold,gold,,,0,"The surface feels soft, lined, fabric. It resembles fabric, soft, lined, diverging from hard, flat, smooth.",,"flat, hard, uneven",0.04891187874480726,0.25
E1__t2rgbP__rgb0__tpl0__imode_gold,E1,proj_x_noTpl,images_rgb/image_700_rgb.jpg,data/ssvtp\images_rgb/image_700_rgb.jpg,700,judgement,gold,gold,,,0,"The sample feels hard, splotchy, glossy. These cues may indicate a metal-like material.",,"flat, hard, uneven",0.04776020403411885,0.11764705882352941
E1__t2rgbP__rgb0__tpl0__imode_gold,E1,proj_x_noTpl,images_rgb/image_1346_rgb.jpg,data/ssvtp\images_rgb/image_1346_rgb.jpg,1346,property,gold,gold,,,0,"The surface feels hard, splotchy, glossy, providing a consistent and stable tactile experience.",,"hard, flat, splotchy, grainy",0.06178110636313397,0.23529411764705882
E1__t2rgbP__rgb0__tpl0__imode_gold,E1,proj_x_noTpl,images_rgb/image_1346_rgb.jpg,data/ssvtp\images_rgb/image_1346_rgb.jpg,1346,comparison,gold,gold,,,0,"The surface feels hard, splotchy, glossy. It closely matches with the reference tactile labels glossy, hard, splotchy, indicating a similar touch feel.",,"hard, flat, splotchy, grainy",0.03454447598433575,0.1818181818181818
E1__t2rgbP__rgb0__tpl0__imode_gold,E1,proj_x_noTpl,images_rgb/image_1346_rgb.jpg,data/ssvtp\images_rgb/image_1346_rgb.jpg,1346,judgement,gold,gold,,,0,"The sample feels soft, lined, fabric. These cues may indicate a fabric-like material.",,"hard, flat, splotchy, grainy",0.040161384364076534,0.0
E1__t2rgbP__rgb0__tpl0__imode_gold,E1,proj_x_noTpl,images_rgb/image_1697_rgb.jpg,data/ssvtp\images_rgb/image_1697_rgb.jpg,1697,property,gold,gold,,,0,"The surface feels fabric, lined, providing a consistent and stable tactile experience.",,"fabric, coarse, sewn",0.05695389012765513,0.13333333333333333
E1__t2rgbP__rgb0__tpl0__imode_gold,E1,proj_x_noTpl,images_rgb/image_1697_rgb.jpg,data/ssvtp\images_rgb/image_1697_rgb.jpg,1697,comparison,gold,gold,,,0,"The surface feels fabric, lined. It resembles closest to the reference tactile labels: soft, fabric.",,"fabric, coarse, sewn",0.044196871634129616,0.125
E1__t2rgbP__rgb0__tpl0__imode_gold,E1,proj_x_noTpl,images_rgb/image_1697_rgb.jpg,data/ssvtp\images_rgb/image_1697_rgb.jpg,1697,judgement,gold,gold,,,0,"The sample feels lined, fabric, grainy. These cues may indicate a fabric-like material.",,"fabric, coarse, sewn",0.04776020403411885,0.125
E1__t2rgbP__rgb0__tpl0__imode_gold,E1,proj_x_noTpl,images_rgb/image_2447_rgb.jpg,data/ssvtp\images_rgb/image_2447_rgb.jpg,2447,property,gold,gold,,,0,"The surface feels soft, lined, fabric, providing a consistent and stable tactile experience.",,"fabric, uneven, coarse",0.05195151087116781,0.125
E1__t2rgbP__rgb0__tpl0__imode_gold,E1,proj_x_noTpl,images_rgb/image_2447_rgb.jpg,data/ssvtp\images_rgb/image_2447_rgb.jpg,2447,comparison,gold,gold,,,0,"The surface feels grainy, fabric. It closely matches with fabric, lined, grainy, indicating a high degree of similarity.",,"fabric, uneven, coarse",0.03611971677298602,0.10526315789473684
E1__t2rgbP__rgb0__tpl0__imode_gold,E1,proj_x_noTpl,images_rgb/image_2447_rgb.jpg,data/ssvtp\images_rgb/image_2447_rgb.jpg,2447,judgement,gold,gold,,,0,"The sample feels soft, lined, fabric. These cues may indicate a fabric-like material.",,"fabric, uneven, coarse",0.04776020403411885,0.125
E1__t2rgbP__rgb0__tpl0__imode_gold,E1,proj_x_noTpl,images_rgb/image_3940_rgb.jpg,data/ssvtp\images_rgb/image_3940_rgb.jpg,3940,property,gold,gold,,,0,"The surface feels soft, lined, fabric, providing a consistent and stable tactile experience.",,"woven, thick, deformable",0.04368583925857939,0.0
E1__t2rgbP__rgb0__tpl0__imode_gold,E1,proj_x_noTpl,images_rgb/image_3940_rgb.jpg,data/ssvtp\images_rgb/image_3940_rgb.jpg,3940,comparison,gold,gold,,,0,"The surface is lined, fabric. It resembles closest to the reference tactile labels: woven, lined, fabric, flexible.",,"woven, thick, deformable",0.038461875130248735,0.11764705882352941
E1__t2rgbP__rgb0__tpl0__imode_gold,E1,proj_x_noTpl,images_rgb/image_3940_rgb.jpg,data/ssvtp\images_rgb/image_3940_rgb.jpg,3940,judgement,gold,gold,,,0,"The sample feels fabric, smooth. These cues may indicate a fabric-like material.",,"woven, thick, deformable",0.04368583925857939,0.0
E1__t2rgbP__rgb0__tpl0__imode_gold,E1,proj_x_noTpl,images_rgb/image_3773_rgb.jpg,data/ssvtp\images_rgb/image_3773_rgb.jpg,3773,property,gold,gold,,,0,"The surface feels lined, grainy, soft, fabric, providing a consistent and stable tactile experience.",,"fabric, lined, elastic",0.0567967744513558,0.23529411764705882
E1__t2rgbP__rgb0__tpl0__imode_gold,E1,proj_x_noTpl,images_rgb/image_3773_rgb.jpg,data/ssvtp\images_rgb/image_3773_rgb.jpg,3773,comparison,gold,gold,,,0,"The surface is fabric, elastic, lined. It closely matches with soft, fabric, indicating a consistent tactile experience.",,"fabric, lined, elastic",0.05061867434834411,0.3157894736842105
E1__t2rgbP__rgb0__tpl0__imode_gold,E1,proj_x_noTpl,images_rgb/image_3773_rgb.jpg,data/ssvtp\images_rgb/image_3773_rgb.jpg,3773,judgement,gold,gold,,,0,"The sample feels soft, lined, fabric. These cues may indicate a fabric-like material.",,"fabric, lined, elastic",0.0567967744513558,0.25
E1__t2rgbP__rgb0__tpl0__imode_gold,E1,proj_x_noTpl,images_rgb/image_2669_rgb.jpg,data/ssvtp\images_rgb/image_2669_rgb.jpg,2669,property,gold,gold,,,0,"The surface feels hard, splotchy, glossy, providing a consistent and stable tactile experience.",,"coarse, mesh, deformable",0.04368583925857939,0.0
E1__t2rgbP__rgb0__tpl0__imode_gold,E1,proj_x_noTpl,images_rgb/image_2669_rgb.jpg,data/ssvtp\images_rgb/image_2669_rgb.jpg,2669,comparison,gold,gold,,,0,"The surface feels shiny, woven. It closely matches the reference tactile cues of metal, glossy, woven, indicating a similar tactile experience.",,"coarse, mesh, deformable",0.025683319547529778,0.0
E1__t2rgbP__rgb0__tpl0__imode_gold,E1,proj_x_noTpl,images_rgb/image_2669_rgb.jpg,data/ssvtp\images_rgb/image_2669_rgb.jpg,2669,judgement,gold,gold,,,0,"The sample feels hard, splotchy, glossy. These cues may indicate a metal-like material.",,"coarse, mesh, deformable",0.040161384364076534,0.0
E1__t2rgbP__rgb0__tpl0__imode_gold,E1,proj_x_noTpl,images_rgb/image_1419_rgb.jpg,data/ssvtp\images_rgb/image_1419_rgb.jpg,1419,property,gold,gold,,,0,"The surface feels smooth, hard, providing a consistent and stable tactile experience.",,"hard, flat, splotchy, smooth",0.06772997136689071,0.25
E1__t2rgbP__rgb0__tpl0__imode_gold,E1,proj_x_noTpl,images_rgb/image_1419_rgb.jpg,data/ssvtp\images_rgb/image_1419_rgb.jpg,1419,comparison,gold,gold,,,0,"The surface feels hard, smooth, plastic. It closely matches the smooth, hard, plastic reference.",,"hard, flat, splotchy, smooth",0.0567967744513558,0.28571428571428575
E1__t2rgbP__rgb0__tpl0__imode_gold,E1,proj_x_noTpl,images_rgb/image_1419_rgb.jpg,data/ssvtp\images_rgb/image_1419_rgb.jpg,1419,judgement,gold,gold,,,0,"The sample feels smooth, plastic. These cues may indicate a plastic-like material.",,"hard, flat, splotchy, smooth",0.05195151087116781,0.125
E1__t2rgbP__rgb0__tpl0__imode_gold,E1,proj_x_noTpl,images_rgb/image_2399_rgb.jpg,data/ssvtp\images_rgb/image_2399_rgb.jpg,2399,property,gold,gold,,,0,"The surface feels soft, lined, fabric, providing a consistent and stable tactile experience.",,"lined, coarse, uneven, fabric",0.06178110636313397,0.23529411764705882
E1__t2rgbP__rgb0__tpl0__imode_gold,E1,proj_x_noTpl,images_rgb/image_2399_rgb.jpg,data/ssvtp\images_rgb/image_2399_rgb.jpg,2399,comparison,gold,gold,,,0,"The surface feels soft, fabric. It best matches the reference tactile cues: fabric, lined, indicating a fabric-like material.",,"lined, coarse, uneven, fabric",0.04048892532133102,0.2
E1__t2rgbP__rgb0__tpl0__imode_gold,E1,proj_x_noTpl,images_rgb/image_2399_rgb.jpg,data/ssvtp\images_rgb/image_2399_rgb.jpg,2399,judgement,gold,gold,,,0,"The sample feels lined, fabric. These cues may indicate a fabric-like material.",,"lined, coarse, uneven, fabric",0.06178110636313397,0.25
E1__t2rgbP__rgb0__tpl0__imode_gold,E1,proj_x_noTpl,images_rgb/image_4174_rgb.jpg,data/ssvtp\images_rgb/image_4174_rgb.jpg,4174,property,gold,gold,,,0,"The surface feels woven, glossy, providing a consistent and stable tactile experience.",,"woven, deformable, thick",0.05695389012765513,0.13333333333333333
E1__t2rgbP__rgb0__tpl0__imode_gold,E1,proj_x_noTpl,images_rgb/image_4174_rgb.jpg,data/ssvtp\images_rgb/image_4174_rgb.jpg,4174,comparison,gold,gold,,,0,"The surface feels lined, fabric. It best matches with the reference tactile labels fabric, lined, indicating a consistent tactile experience.",,"woven, deformable, thick",0.027076576267554473,0.0
E1__t2rgbP__rgb0__tpl0__imode_gold,E1,proj_x_noTpl,images_rgb/image_4174_rgb.jpg,data/ssvtp\images_rgb/image_4174_rgb.jpg,4174,judgement,gold,gold,,,0,"The sample feels soft, lined, fabric. These cues may indicate a fabric-like material.",,"woven, deformable, thick",0.040161384364076534,0.0
E1__t2rgbP__rgb0__tpl0__imode_gold,E1,proj_x_noTpl,images_rgb/image_2007_rgb.jpg,data/ssvtp\images_rgb/image_2007_rgb.jpg,2007,property,gold,gold,,,0,"The surface feels lined, fabric, providing a consistent and stable tactile experience.",,"soft, fabric, deformable",0.05695389012765513,0.13333333333333333
E1__t2rgbP__rgb0__tpl0__imode_gold,E1,proj_x_noTpl,images_rgb/image_2007_rgb.jpg,data/ssvtp\images_rgb/image_2007_rgb.jpg,2007,comparison,gold,gold,,,0,"The surface is lined, fabric. It resembles the reference tactile sample fabric, soft, indicating a consistent tactile feel.",,"soft, fabric, deformable",0.0429538241783181,0.2222222222222222
E1__t2rgbP__rgb0__tpl0__imode_gold,E1,proj_x_noTpl,images_rgb/image_2007_rgb.jpg,data/ssvtp\images_rgb/image_2007_rgb.jpg,2007,judgement,gold,gold,,,0,"The sample feels soft, lined, fabric. These cues may indicate a fabric-like material.",,"soft, fabric, deformable",0.0567967744513558,0.25
E1__t2rgbP__rgb0__tpl0__imode_gold,E1,proj_x_noTpl,images_rgb/image_4023_rgb.jpg,data/ssvtp\images_rgb/image_4023_rgb.jpg,4023,property,gold,gold,,,0,"The surface feels lined, grainy, fabric, providing a consistent and stable tactile experience.",,"grainy, fabric, coarse",0.0734705312597788,0.25
E1__t2rgbP__rgb0__tpl0__imode_gold,E1,proj_x_noTpl,images_rgb/image_4023_rgb.jpg,data/ssvtp\images_rgb/image_4023_rgb.jpg,4023,comparison,gold,gold,,,0,"The surface is fabric, lined. It resembles closest to the reference tactile labels.",,"grainy, fabric, coarse",0.05195151087116781,0.13333333333333333
E1__t2rgbP__rgb0__tpl0__imode_gold,E1,proj_x_noTpl,images_rgb/image_4023_rgb.jpg,data/ssvtp\images_rgb/image_4023_rgb.jpg,4023,judgement,gold,gold,,,0,"The sample feels soft, grainy, fabric. These cues may indicate a fabric-like material.",,"grainy, fabric, coarse",0.06754312828675708,0.25
E1__t2rgbP__rgb0__tpl0__imode_gold,E1,proj_x_noTpl,images_rgb/image_1575_rgb.jpg,data/ssvtp\images_rgb/image_1575_rgb.jpg,1575,property,gold,gold,,,0,"The surface feels hard, splotchy, smooth, providing a consistent and stable tactile experience.",,"glossy, splotchy, hard, flat",0.06178110636313397,0.23529411764705882
E1__t2rgbP__rgb0__tpl0__imode_gold,E1,proj_x_noTpl,images_rgb/image_1575_rgb.jpg,data/ssvtp\images_rgb/image_1575_rgb.jpg,1575,comparison,gold,gold,,,0,"The surface feels hard, splotchy, glossy. It closely matches with the reference tactile labels, diverging from soft, fabric.",,"glossy, splotchy, hard, flat",0.04753622060013115,0.2857142857142857
E1__t2rgbP__rgb0__tpl0__imode_gold,E1,proj_x_noTpl,images_rgb/image_1575_rgb.jpg,data/ssvtp\images_rgb/image_1575_rgb.jpg,1575,judgement,gold,gold,,,0,"The sample feels hard, splotchy, glossy. These cues may indicate a metal-like material.",,"glossy, splotchy, hard, flat",0.06285596338261261,0.3333333333333333
E1__t2rgbP__rgb0__tpl0__imode_gold,E1,proj_x_noTpl,images_rgb/image_3298_rgb.jpg,data/ssvtp\images_rgb/image_3298_rgb.jpg,3298,property,gold,gold,,,0,"The surface feels soft, grainy, fabric, patterned, providing a consistent and stable tactile experience.",,"hard, flat, lined",0.040161384364076534,0.0
E1__t2rgbP__rgb0__tpl0__imode_gold,E1,proj_x_noTpl,images_rgb/image_3298_rgb.jpg,data/ssvtp\images_rgb/image_3298_rgb.jpg,3298,comparison,gold,gold,,,0,"The surface feels lined, flat. It closely matches the qualities of fabric, soft, providing a consistent tactile experience.",,"hard, flat, lined",0.0429538241783181,0.2
E1__t2rgbP__rgb0__tpl0__imode_gold,E1,proj_x_noTpl,images_rgb/image_3298_rgb.jpg,data/ssvtp\images_rgb/image_3298_rgb.jpg,3298,judgement,gold,gold,,,0,"The sample feels hard, lined. These cues may indicate a wood-like material.",,"hard, flat, lined",0.06178110636313397,0.25
E1__t2rgbP__rgb0__tpl0__imode_gold,E1,proj_x_noTpl,images_rgb/image_3669_rgb.jpg,data/ssvtp\images_rgb/image_3669_rgb.jpg,3669,property,gold,gold,,,0,"The surface feels grainy, fabric, providing a consistent and stable tactile experience.",,"fabric, coarse, deformable",0.05695389012765513,0.13333333333333333
E1__t2rgbP__rgb0__tpl0__imode_gold,E1,proj_x_noTpl,images_rgb/image_3669_rgb.jpg,data/ssvtp\images_rgb/image_3669_rgb.jpg,3669,comparison,gold,gold,,,0,"The surface feels dark, grainy, fabric. It resembles fabric, grainy more than the other samples.",,"fabric, coarse, deformable",0.044196871634129616,0.13333333333333333
E1__t2rgbP__rgb0__tpl0__imode_gold,E1,proj_x_noTpl,images_rgb/image_3669_rgb.jpg,data/ssvtp\images_rgb/image_3669_rgb.jpg,3669,judgement,gold,gold,,,0,"The material feels soft, fabric, lined. These cues may indicate a fabric-like material.",,"fabric, coarse, deformable",0.04776020403411885,0.13333333333333333
E1__t2rgbP__rgb0__tpl0__imode_gold,E1,proj_x_noTpl,images_rgb/image_3991_rgb.jpg,data/ssvtp\images_rgb/image_3991_rgb.jpg,3991,property,gold,gold,,,0,"The surface feels lined, grainy, fabric, providing a consistent and stable tactile experience.",,"patterned, grainy, sewn, fabric",0.06178110636313397,0.23529411764705882
E1__t2rgbP__rgb0__tpl0__imode_gold,E1,proj_x_noTpl,images_rgb/image_3991_rgb.jpg,data/ssvtp\images_rgb/image_3991_rgb.jpg,3991,comparison,gold,gold,,,0,"The surface feels grainy, fabric. It closely matches with fabric, grainy, indicating a similar tactile feel.",,"patterned, grainy, sewn, fabric",0.04891187874480726,0.22222222222222224
E1__t2rgbP__rgb0__tpl0__imode_gold,E1,proj_x_noTpl,images_rgb/image_3991_rgb.jpg,data/ssvtp\images_rgb/image_3991_rgb.jpg,3991,judgement,gold,gold,,,0,"The sample feels grainy, fabric. These cues may indicate a fabric-like material.",,"patterned, grainy, sewn, fabric",0.06178110636313397,0.25
E1__t2rgbP__rgb0__tpl0__imode_gold,E1,proj_x_noTpl,images_rgb/image_1431_rgb.jpg,data/ssvtp\images_rgb/image_1431_rgb.jpg,1431,property,gold,gold,,,0,"The surface feels smooth, hard, plastic, providing a consistent and stable tactile experience.",,"hard, uneven, plastic",0.06178110636313397,0.25
E1__t2rgbP__rgb0__tpl0__imode_gold,E1,proj_x_noTpl,images_rgb/image_1431_rgb.jpg,data/ssvtp\images_rgb/image_1431_rgb.jpg,1431,comparison,gold,gold,,,0,"The surface feels hard, smooth, splotchy, flat. It best matches with the reference tactile cues: flat, hard.",,"hard, uneven, plastic",0.038461875130248735,0.11764705882352941
E1__t2rgbP__rgb0__tpl0__imode_gold,E1,proj_x_noTpl,images_rgb/image_1431_rgb.jpg,data/ssvtp\images_rgb/image_1431_rgb.jpg,1431,judgement,gold,gold,,,0,"The sample feels smooth, plastic. These cues may indicate a plastic-like material.",,"hard, uneven, plastic",0.05195151087116781,0.13333333333333333
E1__t2rgbP__rgb0__tpl0__imode_gold,E1,proj_x_noTpl,images_rgb/image_3875_rgb.jpg,data/ssvtp\images_rgb/image_3875_rgb.jpg,3875,property,gold,gold,,,0,"The surface feels fabric, rough, providing a consistent and stable tactile experience.",,"smooth, lined, flat, hard",0.04789232204309912,0.0
E1__t2rgbP__rgb0__tpl0__imode_gold,E1,proj_x_noTpl,images_rgb/image_3875_rgb.jpg,data/ssvtp\images_rgb/image_3875_rgb.jpg,3875,comparison,gold,gold,,,0,"The surface feels woven, round, flexible. It closely matches the reference tactile labels of rubbery, wired, deformable, providing a consistent tactile experience.",,"smooth, lined, flat, hard",0.024426633221059642,0.0
E1__t2rgbP__rgb0__tpl0__imode_gold,E1,proj_x_noTpl,images_rgb/image_3875_rgb.jpg,data/ssvtp\images_rgb/image_3875_rgb.jpg,3875,judgement,gold,gold,,,0,"The sample feels fabric, granular. These cues may indicate a fabric-like material.",,"smooth, lined, flat, hard",0.04368583925857939,0.0
